Payload (Ton),AWSS,TKPH (Ton.Km/Hr),Temperature (Â°C),Weather Condition
153.6898711617379,20.788676725609616,71.8845261564529,25.0,1
142.84316920739383,19.082927511466885,111.95913768951554,25.172133561558347,0
156.26881560783605,19.82985667409179,80.59937880130987,25.344216116227457,0
171.2213960071619,19.152157569260467,156.6453149638911,25.51619667223254,1
141.20519205297597,11.952322834175384,273.4068614202679,25.6880242680232,0
141.2054725013941,19.406463434537933,61.94123063674898,25.859647987374466,0
172.18111331449728,17.81993086098815,252.3101542802384,26.031016974474348,0
158.31432004339,14.877142882069402,60.79915254705041,26.202080448993527,1
137.18543853945917,17.80635773244836,53.71293228933477,26.37278772113265,0
154.47301066453545,17.147793549580154,232.73180579479484,26.54308820664281,1
137.2888989713775,12.47714789622146,243.8348444531384,26.712931441814774,2
137.24940434951287,13.78599236658915,236.2574836057796,26.882267098432443,0
149.33819952289102,23.430864891240248,28.183,27.05104499868619,0
112.5223468607555,9.198456717789876,94.72022691593888,27.219215130041654,0
115.7399535850124,21.8345957954956,233.20389432483688,27.3867276600595,0
135.60000442550572,22.34862903090516,149.24525535018483,27.55353295116187,0
127.9038188024474,13.051703554749295,29.424440604544458,27.719581575341056,0
150.57297293539247,7.999480085279633,194.02367937963749,27.88482432880609,1
129.69413274194667,16.302662348830644,67.98310809395643,28.04921224656289,0
121.08002817379057,10.048729028602969,337.58574971125927,28.212696616923644,0
170.241212270718,16.852663841282798,310.7597667222177,28.375228995941132,2
141.348289235089,12.754268055969224,209.68622748764216,28.536761221763715,0
146.35851679247912,15.10735111211888,291.00856036046446,28.69724542890673,0
120.86745148310176,21.213077496265853,151.74318265725609,28.856634062436072,0
135.90585429966083,13.42703441520587,227.02060439565173,29.01487989205973,0
60.56602465605465,18.146422832926618,303.54826852725495,29.17193602612317,0
125.54372771047224,20.856712488314805,171.15837837198097,29.327755925504313,0
151.62267354938078,22.07294067622992,117.36469029250536,29.482293417404108,0
134.944889898807,18.935583356323956,28.183,29.635502709028508,1
140.22228736603125,13.967702565239476,135.8501339964827,29.787338401157886,0
134.92664764989746,25.94881709940706,233.2505869493748,29.93775550159977,0
176.84561594778168,7.978894823228903,246.3808554578661,30.086709438521044,0
144.97444040702663,14.43437118129552,198.97098266078595,30.2341560736555,0
127.13718191157533,24.739133316438625,86.62482523725697,30.380051715382997,0
159.25571218854668,19.894271281782054,28.183,30.524353131676197,2
124.350548771195,19.84449280472189,91.57608987037128,30.667017562911177,0
148.77280792987125,9.741122051910075,112.08318705396348,30.808002734538007,0
111.72991494388567,11.51779184263678,111.16091176510488,30.947266869607635,0
122.51692591271704,11.536463726216155,211.2396949937082,31.084768701151262,1
148.56778363111638,10.835804006857613,358.1230735994344,31.220467484408676,1
157.8194861194816,14.84054165684378,158.05397744580705,31.354323008901773,0
148.1323129792871,12.260357287693148,121.49633657302977,31.486295610349814,0
143.2294960402441,12.236849030178773,116.93120841084033,31.61634618242278,1
140.06154667194377,24.049790062748222,158.14589935656485,31.744436188329455,0
119.9488873605436,11.685338291485062,55.790118388168025,31.87052767223667,1
132.9086212322016,24.450707908804844,157.69613315167618,31.994583270516472,0
137.33636851446494,18.709469383143315,193.21727741548852,32.116566222817745,0
163.26276186827153,8.991673760276646,167.31067067044302,32.236440382959124,0
190.50601387121804,21.58034211507689,193.9403053894737,32.354170229639855,0
115.0887480660938,21.86258789221712,191.38384314840664,32.46972087696555,0
150.7410023652019,12.039487534844874,28.183,32.58305808478563,0
138.6270244859285,13.415947088617902,213.2073298180021,32.69414826883938,0
133.64181839077364,16.103319072339985,72.688164982026,32.802958510707754,0
66.67086051335545,14.469640763018214,28.183,32.90945656756777,0
162.81653384327586,14.254509571432,28.183,33.013610881746764,1
161.1131269947429,10.41556033114058,191.36171062916856,33.11539059007361,1
130.8694862683109,13.353241000119745,120.8685498189618,33.21476553302414,0
139.92303419570956,18.491231840416173,28.183,33.31170626365808,0
150.8636419352357,13.753281906577676,196.14238286425893,33.406184056344784,0
161.86926186150416,12.9834619877378,28.183,33.49817091527528,0
137.01974566912676,21.17223370263821,159.80440675919658,33.58763958275803,0
142.03357336062868,8.723214172624068,170.40632457431295,33.67456354729597,1
126.30658597402903,22.121266020764107,239.92840165731565,33.75891705144243,0
124.771398447454,8.893700232961796,336.2062134579985,33.84067509943364,0
159.0845660981377,13.561624266745053,28.183,33.919813464595485,0
168.3722921680468,12.203938866655587,139.14420890458598,33.99630869652243,1
143.97492310316474,8.850127213370687,115.0925359004493,34.07013812802636,0
162.34734896179157,12.730836797877071,191.3840662596458,34.141279881853336,2
151.3824665798637,13.897459390611662,167.95345274910798,34.209712877166346,0
134.18506435183528,19.25847825526653,106.90443168037756,34.275416835791965,0
151.37835973329473,16.520007137375142,97.4114688556497,34.33837228822925,0
171.4777406283717,27.73504367560173,28.183,34.398560579418955,0
144.59301959992382,18.12599713190693,250.91784841375537,34.455963874271426,0
171.93224292861487,11.77930216539898,194.11889727105344,34.510565162951536,0
100.454514131939,10.814978235536572,243.3870151711096,34.562348265919056,0
159.2447385797376,12.774811441851966,111.43303909707085,34.611297838723004,0
146.69193801964445,16.941757565528032,74.21159724347041,34.65739937654855,0
140.09735643934206,21.55387155495484,28.92782924135578,34.70063921851507,0
146.77245758477946,26.782753889266147,183.34410519709647,34.7410045517242,0
111.25334780078757,13.522186354946475,33.06661595668649,34.77848341505657,0
141.45256481195963,12.773942066747328,343.4023601297662,34.81306470271609,0
151.30519694656363,12.76348010504204,28.183,34.84473816752092,1
170.4503860722746,8.769429306365712,174.1840432081912,34.87349442393986,1
136.35190813144956,17.13975597840385,313.1248697430492,34.899324950873535,0
131.39431227537858,12.532971401546495,209.14820373530364,34.92222209417932,0
136.63398618148895,11.73910761019855,163.65638367011678,34.942179068939524,0
160.84189897458683,15.00572138567978,40.72811697041395,34.95918996147179,0
150.82072645520674,14.64888396362504,28.183,34.97324973108155,1
136.15563619925146,12.96229699292374,227.51618370210545,34.98435421155564,0
153.97263429244236,23.30852160871949,306.6024595488602,34.99250011239683,0
146.86327869796324,16.41752545143619,97.63195702302528,34.99768501979891,0
161.75139372828284,17.873860745192925,28.183,34.9999073973619,0
68.3319365439318,28.83223431708676,28.183,34.999166586547375,0
139.60787521181695,10.905189671558572,39.40862519689696,34.995462806873576,1
138.5070085281965,18.283841424723857,132.57070884190313,34.988797155850335,1
120.20523765600716,12.827293394657836,316.5918009954987,34.97917160865392,2
150.2633265728171,22.633881047874414,217.1034838935101,34.9665890175417,0
149.6643461593769,10.469826542144666,177.56037588169357,34.95105311100698,0
145.29234806636654,14.044381568286385,101.7931435898065,34.93256849267414,1
141.19778258768577,23.43489883034217,82.12667533802006,34.911140639934544,1
121.02763698429484,21.21474408044244,295.8047778762556,34.88677590232341,0
138.01953659652216,7.280288780140356,166.34934881908137,34.859481499638306,0
139.35075062868972,21.083435782205232,28.183,34.82926551979982,2
61.921293272018666,15.445479367523385,72.41690022992024,34.7961369164549,0
142.44991747332125,21.20428743847656,52.57526954645644,34.76010550632368,0
152.10699673610597,15.214272436262698,86.09139485397318,34.721181966290615,1
177.42482756447828,10.491889948454569,205.2611213410296,34.67937783024064,2
148.1871381987935,15.904922218548414,133.23812190002585,34.63470548564149,0
149.60447577432626,10.86467728774251,136.52358067152656,34.58717816987296,0
143.93331486688234,24.75715872292901,285.90155645278344,34.53680996630446,0
112.4285501002618,10.199512631137235,69.9542205133182,34.48361580012171,1
144.75208997957648,14.20263659694464,345.0715970613369,34.427611433904204,0
146.23385244621264,15.551430164511268,72.65671238309052,34.368813462954314,0
184.9,22.994684494157816,154.3654542440547,34.30723931037979,0
141.91908999960887,19.88451081972932,114.56948570992674,34.242907221930935,0
150.35603170174278,15.758899285869608,158.04215170334328,34.17583626059394,2
144.61205354989505,14.75056135521509,192.54896395065697,34.10604630094216,0
125.24164176138316,14.51739040876758,191.3932581951489,34.03355802324685,2
164.72669931754558,12.141712106275088,63.86707399812491,33.95839290734909,0
158.04952006435548,15.418371530693026,28.183,33.88057322629493,1
158.71740771938934,39.11343031665664,413.7227772149096,33.800122039735356,0
129.67084349719627,27.287907924632904,92.7827225533166,33.71706318709322,0
169.16753241941046,19.08686409874629,219.90538441091823,33.63142128049911,0
121.25858014538228,11.305107307566338,28.183,33.54322169749827,2
155.22969287629624,14.432338851719605,114.74040937344154,33.45249057353063,0
182.62236300008607,17.30319978937754,131.11569818492634,33.35925479418637,0
128.2846584941176,10.269151952988532,195.5812511130464,33.263541987239094,1
135.53150218292546,14.517445882385989,28.183,33.16538051445916,0
146.9072446184271,19.14194493912547,162.63214746913584,33.06479946320945,1
136.6046288763871,19.83549631101384,28.183,32.96182863782616,1
118.71656727052832,14.51454200636116,179.62970321078262,32.856498550787144,0
146.37619273563658,13.767606281746817,33.438791091707785,32.74884041367041,1
127.05872796213067,15.653766775409068,52.86893914975555,32.63888612790543,1
198.9251141909415,16.539384602873174,115.38344953934728,32.526668275320084,1
129.49939523081818,29.55199128320589,31.71972178583272,32.41222010848596,0
171.68097950650963,22.36567084540853,93.69057904275348,32.295575540864874,0
131.82546726031242,16.124412877156264,28.183,32.17676913675962,0
139.70354518017467,15.10467606712226,28.183,32.055836101071776,2
159.1015011071087,16.58507063801956,254.1513057130104,31.932812268869775,0
124.1793757466752,11.12111971869686,28.183,31.80773409477016,0
149.09047060290774,18.540333122612854,125.58452543539826,31.680638642135335,0
167.53361252865244,19.74297111512868,225.67261779569225,31.551563572090853,0
117.74597138722513,14.28547114478404,78.71240562567634,31.420547132365638,0
148.35891557144885,16.394474382912456,56.126175731339416,31.287628145958344,0
149.6443178913516,12.295504980377183,169.08902024642776,31.15284599963328,0
158.56009829570002,26.144635488478027,264.8928099138052,31.016240632249225,0
124.07540795678062,8.001582538494686,28.183,30.877852522924734,0
122.6489601352944,10.22143735055856,128.65011692804637,30.737722679043245,0
154.12080582386787,23.87093998887301,28.183,30.595892624101765,2
150.2780921881693,7.607663031871676,102.53648416438551,30.45240438540651,1
149.4839188696083,7.325316729355197,148.45695130677083,30.307300481619333,2
151.12302831462736,21.52106634022816,52.96112848983576,30.160623910158527,0
133.58881770599623,13.816087749120529,95.68279737381717,30.012418134457757,1
149.1723576549043,15.401380876814306,28.183,29.8627270710869,0
150.21126398888808,16.246052574636842,153.06332600682768,29.71159507673864,0
133.0024490772736,16.56469515106785,258.20579010000563,29.559066935084587,1
177.07616019937475,12.348127669435826,28.183,29.40518784350495,0
153.29901395501517,18.139840191469684,77.882145401612,29.250003399695544,0
124.85515366078435,19.06018215089808,198.7755687190373,29.093559588156214,1
156.4202487426831,20.261566612448185,275.0090268840348,28.935902766564666,0
128.5554877091769,8.196179478016639,28.183,28.77707965203965,0
158.6499792011286,23.396582471116783,126.64776781203042,28.617137307297675,0
164.9961296806045,14.592133572804803,175.20157555000978,28.456123126707336,0
131.1861046379161,15.639763683757185,133.8170613908366,28.294084822245303,0
161.66139103975152,15.937571876141712,28.183,28.13107040935827,0
152.25612379392928,18.67210277428195,198.6191106001345,27.967128192734908,2
159.2474316530259,16.36789235917813,308.0194975611788,27.80230675199216,0
177.60601772969474,15.976926634637898,157.31613854565146,27.63665492728007,0
141.01328020243898,18.68659674679658,33.99996563406437,27.470221804809356,0
132.32967884044538,19.60802296365952,89.65160865062144,27.303056702306122,0
130.01031451313682,28.857185688940927,334.9414599889169,27.135209154397963,1
131.2693287122204,17.59765791693916,242.5483753900584,26.966728897935766,1
143.88794859978827,15.680423955818588,213.5464598792124,26.797665857255623,0
151.0325580338179,29.01519923675048,183.07496797493337,26.628070129385172,0
149.9314322341554,8.989275716144501,73.74942866620194,26.45799196919875,2
159.33494426003338,18.67009314982983,123.23263235034425,26.287481774525812,0
145.4270983170584,6.504818675309815,136.40998127870026,26.11659007121695,1
170.0342691060013,26.47396837527351,203.82826451796387,25.94536749817199,0
140.68413197462925,15.849158778660849,306.9002460000361,25.77386479233463,0
184.9,11.373747806197358,264.93624941705366,25.60213277365793,1
155.89264963452186,13.476870597327398,28.183,25.430222330045307,0
130.56303462129708,21.85743988949569,168.8480194587287,25.25818440227133,0
126.9120143481201,23.302808369210787,223.9398538048389,25.086069968886886,0
153.4465937971841,10.604483947811891,211.27235387073964,24.91393003111312,0
141.38780870106382,7.143732905442171,77.17712446165567,24.741815597728674,0
157.40155644008112,36.23131534122645,439.721,24.569777669954696,0
153.2888451029653,10.22820494492654,28.183,24.397867226342072,0
143.9609365139953,10.9691144999164,28.4042332901996,24.22613520766537,0
130.7400697079555,17.762551791394564,169.87945553074377,24.054632501828006,0
119.32837970791608,8.953689841435429,372.2113202253164,23.883409928783056,1
137.57763158879115,10.905274611628704,54.9412252403439,23.71251822547419,0
159.83400420463357,22.24394996365885,116.22140039488716,23.542008030801256,0
148.86214933723215,19.91381864663852,260.526432228806,23.371929870614835,0
60.45167756497478,10.932415875466232,142.86289007886194,23.202334142744377,0
148.16327657538992,23.347281363167948,108.83216186926504,23.033271102064237,0
151.786991480528,19.48502402060798,205.5535989787092,22.86479084560204,0
130.10694727481226,15.118726147121052,174.0613328702675,22.69694329769388,2
147.8309322597615,15.886601673588698,255.49234312881688,22.529778195190648,0
146.1993213284946,20.42905065176459,283.53741744118264,22.363345072719927,0
125.6807813724573,21.58134031056538,177.76640876697607,22.197693248007837,0
151.3167236894694,20.844494694542995,176.12576401464554,22.0328718072651,0
154.7843212794222,18.905172568041927,167.7860839368222,21.868929590641734,1
163.7056813359201,13.237170205407804,197.33418700639947,21.705915177754697,0
163.20604665286024,9.814520021548455,150.7095333329101,21.543876873292668,1
121.67165185655698,14.143985377277884,144.71662465929325,21.382862692702325,0
129.18507266816988,14.685093208335845,273.34761786167894,21.222920347960354,0
154.00283243445833,15.222281620389465,307.67352241734585,21.064097233435334,0
153.98149161348238,20.110335145522612,28.183,20.90644041184379,0
154.00304457747993,12.25559704685864,145.85867254300675,20.74999660030446,1
184.9,20.92851561484869,70.78867007064399,20.59481215649505,1
154.95695170366068,8.13306319252046,111.3712256407364,20.44093306491541,0
164.602732265565,18.97263205269479,188.02834157396296,20.28840492326136,1
161.5012581239909,16.087709972615812,216.7064586385228,20.1372729289131,0
156.33206535480565,19.08142429581515,132.73513489839712,19.987581865542246,0
139.81957076305363,17.271878734200882,28.183,19.839376089841473,1
158.169712224466,19.850473140316385,41.09750282289528,19.692699518380667,1
132.00359968526922,10.315093784184016,241.10192456630585,19.547595614593494,0
141.1596645596672,21.42467633201157,28.183,19.40410737589824,0
136.91401987598326,24.879001015769557,272.3591731767141,19.262277320956755,0
146.6035740489972,20.129865132873444,200.78295019484955,19.122147477075266,1
184.74399763591688,7.925523551428915,286.19195819958554,18.98375936775077,0
113.30837598014776,14.762990392304843,123.44772656150964,18.84715400036672,0
156.92769657197746,18.241029701844624,28.183,18.712371854041656,0
117.65658748833836,15.07276286329036,191.0201622034581,18.579452867634366,1
137.1434598685849,10.558337574626922,281.7307316466794,18.44843642790915,0
163.80645409739657,23.159284912423487,244.13411078436195,18.31936135786467,0
146.3030312861887,28.667765450971043,73.58242701404549,18.19226590522984,0
126.7949637034116,12.281055067511526,154.1036099477068,18.06718773113023,0
132.98618203842125,13.225583673788735,87.53407128228498,17.944163898928224,0
156.81388874730214,24.98342792714508,56.76001108749388,17.823230863240383,2
132.72887719700788,9.779991151692377,247.4289480875632,17.704424459135126,0
148.9025456272393,13.651900787560438,28.183,17.587779891514042,0
145.98345816923697,12.395315260642262,48.75036269831155,17.473331724679916,0
134.07436286219743,34.20052806411052,28.183,17.36111387209457,0
181.82785293385524,8.542389462144358,28.183,17.251159586329592,1
156.0336047392363,17.806676200797867,160.5127515155693,17.143501449212856,0
110.61151433471476,25.207683128737703,269.57388752890347,17.03817136217385,1
148.39001260489138,12.41180547538995,124.91884130900868,16.935200536790553,0
133.9003636088264,19.709414084130827,28.183,16.83461948554084,0
159.76626622498912,22.732656933304813,235.02564134988344,16.736458012760906,1
131.66716074609263,14.325588856175669,325.8937964535173,16.640745205813637,0
143.24507210686244,23.2984088062686,75.3497246936899,16.547509426469368,0
153.83119269954418,14.993179457821348,93.36612958384836,16.456778302501732,0
159.99383022681403,7.149251488478516,200.1845780961599,16.368578719500885,0
124.70153677467324,19.923252137044077,319.0361154620259,16.282936812906783,2
139.49104988936494,12.835753627560964,88.93101938328172,16.199877960264644,0
137.09198419474856,12.212933160469614,28.183,16.119426773705072,2
134.04483004917586,11.62931003302081,212.6216150579073,16.041607092650914,2
175.36248933248172,13.813739155336656,230.63387377840863,15.966441976753158,1
152.12289758663505,13.291824258255096,145.44076303476078,15.893953699057837,1
123.66658029204876,23.899815752894057,84.8161625824035,15.824163739406066,1
160.8839177795897,21.66270079847048,251.61805085778548,15.757092778069065,0
181.4556721573698,5.188182632694099,201.51418832863328,15.692760689620206,2
162.8415715807347,23.41343590022719,62.221288063888736,15.631186537045686,0
119.25112224157355,18.009923169526175,150.05673793148136,15.572388566095794,0
136.9333135672987,19.67798746631655,28.183,15.516384199878283,0
166.8463762504059,20.14241724426945,218.47407063969013,15.463190033695545,0
133.1165901883,25.6384044732365,116.60762530550598,15.412821830127037,2
152.78632347159387,9.17559561671304,97.96922816858384,15.365294514358514,0
158.4372989006799,14.312130840882528,141.24996531522248,15.320622169759359,0
191.6862821088509,15.757191042945836,149.11265921604183,15.278818033709388,1
144.18818786775233,13.361070954002235,240.93328581460383,15.239894493676317,0
89.83767129694012,19.65879399541192,208.2887666855818,15.2038630835451,0
127.70641031072768,9.852845129951774,127.9773870865013,15.170734480200178,2
140.89063083790205,20.808453151617265,226.83050600580884,15.140518500361697,0
123.89036768567644,14.980584365226417,187.8372105366269,15.113224097676596,1
195.53392440229763,9.127384396975856,98.9481350774282,15.088859360065454,0
120.77532498167648,15.745738011706782,131.38228107907196,15.067431507325857,0
137.6881600782421,9.894233302596156,128.85693282269511,15.048946888993026,1
147.43831054120102,16.731491237223103,199.06727871063623,15.0334109824583,0
169.8248303238274,16.39416918084686,105.34909027430682,15.020828391346079,1
120.67760273355285,10.09643685502325,102.83643701085973,15.011202844149665,0
165.07416321431103,14.686456543194016,356.3052853255846,15.004537193126428,0
145.3798011483366,14.963602701290316,245.7471801589089,15.000833413452622,2
128.43886922279893,20.71551272722383,63.06306461416307,15.000092602638098,0
153.0986515473652,14.320931117966968,206.1239003891498,15.002314980201092,2
148.60533771978604,23.674503654735165,157.49753105399225,15.007499887603165,1
134.95209530437347,15.058410508189649,186.8502582699445,15.015645788444358,0
146.39735921579953,27.9403809057632,159.53795191127483,15.026750268918445,0
138.62307313840742,15.992853741716806,272.5972058309337,15.040810038528209,2
147.14410329158184,10.28747354021194,181.91544982935136,15.05782093106048,1
156.51551618216854,11.540357076866524,138.11119026385697,15.077777905820676,1
172.2973392533949,17.65849289095251,256.75495559105536,15.100675049126469,0
124.06063564903978,11.941411282406852,169.84614481448097,15.126505576060136,0
181.64147610587835,11.487010931227369,157.83365856311397,15.155261832479077,0
111.85943620855664,17.66232773649598,178.52058841110815,15.186935297283906,0
142.61220700660218,18.484855434303164,134.7246465295176,15.221516584943434,1
155.25463452116955,12.731802710794794,145.7733481274332,15.258995448275794,0
150.00490308464984,9.058764740822694,81.74753338342441,15.29936078148493,0
134.56804680242462,13.942393958290031,64.07659392361047,15.34260062345145,0
141.64985571939704,21.1180161388176,37.49559767632671,15.388702161276992,0
136.78355803415783,18.12494714733802,28.183,15.43765173408094,0
135.137471221879,20.633512298621564,50.26516669284327,15.489434837048464,0
159.71790302131316,14.481481287282373,126.05874981687352,15.544036125728573,0
151.30353853125496,11.231543246924966,155.86095305795925,15.601439420581046,1
133.36871829375752,16.63778017041985,115.63389725541752,15.661627711770748,1
160.5719650721508,24.61116799619148,28.183,15.724583164208035,1
150.45429041561425,23.133358854313524,313.95555827798603,15.790287122833654,0
159.09031071400713,18.105033847712857,261.51342440334264,15.858720118146664,0
155.96031987773915,14.927397920723015,192.6744384147683,15.929861871973639,0
131.04410722342917,16.49962473482567,349.72279785912315,16.003691303477567,1
135.63598747135538,18.12000231328781,39.77399921755014,16.080186535404515,0
157.97026936271558,10.744415049438798,347.58844296005793,16.15932490056636,0
155.63134487413447,13.33384573265032,41.07939959392114,16.24108294855757,2
144.84795897190443,25.0120991872036,170.43200269330336,16.32543645270403,1
147.20918636168062,13.978079612633731,28.183,16.41236041724197,0
167.03007174985788,19.525354976565165,146.36073362528677,16.501829084724722,0
135.09977753590636,13.020412418555846,186.27172854494688,16.593815943655216,0
154.5505174651466,22.39027788453741,128.16207082290344,16.688293736341922,1
141.75114511112423,19.45606364018764,221.4809925930444,16.785234466975854,0
141.48656968647265,12.985499953555196,155.42011245291093,16.88460940992639,0
163.9743061856452,17.67579461186972,88.65376158312043,16.98638911825323,0
159.30476207341354,23.75489459586128,83.88357713531668,17.090543432432227,1
159.1013716021629,17.100331649702074,231.9065757298304,17.19704148929224,0
167.50518898381026,15.473380950280031,74.54395631753943,17.30585173116062,0
145.5637876227708,13.908358491696216,243.13289514890164,17.416941915214373,2
156.85412065566058,12.209055975507304,276.1501550218627,17.530279123034447,0
139.9050232638706,16.69006560556862,28.183,17.64582977036014,1
150.7424096332076,11.410915255148923,266.5036110516232,17.763559617040876,2
142.98189634529123,13.394882997099538,366.1538147208985,17.88343377718225,0
146.8618850740056,14.62671530496879,171.8572841035352,18.005416729483528,0
155.37147230851338,24.598281165694587,209.1476048680757,18.129472327763324,1
131.22815428900583,15.319925408237074,256.1978520502224,18.25556381167054,0
180.94715944325904,19.613260035385768,115.18418005716586,18.383653817577212,1
128.0202110892221,20.93300635494353,164.36618721690874,18.513704389650183,0
124.46423011635996,14.7811040902832,28.183,18.645676991098224,0
164.98784994112816,13.13375506280932,159.67694746531166,18.77953251559132,0
158.7281821382749,11.287245785696244,198.2991528120496,18.915231298848738,0
155.86621471488493,10.659716899841715,200.2385551832199,19.05273313039236,0
155.93839798925245,22.150305372779425,259.25123230332406,19.191997265461985,0
144.99580062622903,14.311828106746882,61.537253981118766,19.332982437088816,0
129.87810082627902,24.38203877926208,87.55873006299956,19.475646868323796,0
146.49989346306523,12.147409443858232,348.4353092533112,19.61994828461701,2
133.63772364395012,15.937562288451128,128.630719522827,19.7658439263445,1
161.86199528624203,19.108361102009614,166.27363010883653,19.91329056147896,1
142.6929658091805,17.310932191928394,137.58244111704226,20.062244498400226,0
131.10385688439032,12.753349589116636,56.50061202178841,20.212661598842118,0
63.14077376419847,19.31708207542087,319.2139784182157,20.36449729097149,0
152.25869510193624,14.701417420176508,88.08576030325014,20.517706582595892,0
135.57545718900252,13.366611002014478,28.183,20.672244074495683,0
131.15983120293424,30.161067891520304,96.3544646065924,20.82806397387683,0
149.36766494670485,16.466970115335553,28.183,20.98512010794026,0
149.3895189676792,18.00544914382796,74.80767476220696,21.143365937563924,1
136.54539667831037,18.92455008765874,40.76626344674604,21.302754571093267,1
137.15872366342782,14.077223635440207,211.1185321068317,21.463238778236278,0
149.16887702994316,12.41159378856964,72.43037410168732,21.624771004058864,0
120.46882327854271,10.858317072874987,240.1676548385915,21.78730338307635,0
121.1627038060997,13.88464992344068,295.0351202153679,21.950787753437105,0
132.9325358125659,19.4209902645432,228.7114781307397,22.115175671193903,0
141.55889575445823,16.16350965347531,121.64068224487336,22.280418424658947,1
150.51592303554511,9.66996809252549,159.94334152604893,22.44646704883812,0
170.40703489793225,14.714997822431904,28.183,22.6132723399405,1
159.8555416835369,26.615539262682148,130.408744216318,22.78078486995833,1
142.47293003116476,10.706415324942798,52.33649099089946,22.948955001313806,2
144.88016513660628,28.7180334952648,219.38042639068067,23.11773290156756,0
128.07979339325695,10.701241592465914,421.19851670042624,23.287068558185222,1
144.88875861097802,10.020545768666912,198.4828365690261,23.45691179335719,0
140.2741331299662,22.175743709330217,28.183,23.627212278867347,1
150.71767844769525,11.183850882187595,105.97142807327978,23.797919551006473,0
131.07424102223922,21.729186395656114,157.94242502223142,23.968983025525645,1
154.0764771562677,9.4135358676511,154.16768176996274,24.140352012625534,0
171.38724611191003,9.64502848287162,66.26343778459558,24.311975731976794,0
143.34715914405996,13.25249119648705,171.13614482891234,24.483803327767458,0
152.06703963689412,15.66667190135206,28.183,24.655783883772543,0
196.4428815652778,12.446543008525849,43.26100683471641,24.827866438441646,0
138.35135189924617,19.553408108366007,214.1664986139028,25.000000000000007,1
149.03294777428556,13.109742816989742,35.65914247427152,25.17213356155834,0
145.42010339015462,8.49383820594088,202.6074548940881,25.34421611622746,0
146.87350311541115,11.77963061569827,28.183,25.516196672232528,0
132.00044687218093,14.781870961777084,334.3948929545841,25.688024268023202,1
145.62368279669127,23.420014258634083,61.59443953690838,25.859647987374462,1
153.71180681105477,23.48694069207204,120.75126352543798,26.03101697447435,1
169.9934351083549,11.87487786807231,180.30308877155323,26.202080448993524,1
161.5912642511875,10.310761998110868,84.04080110328243,26.372787721132646,0
181.9856627392124,25.489594273587723,160.18953645750096,26.543088206642814,0
132.09716893074636,16.713725755535346,206.5983264824423,26.712931441814774,0
160.10598111646263,11.492643716357414,247.99028570017447,26.882267098432443,0
148.33684814202255,15.82778857091038,229.8204845209345,27.051044998686187,0
182.6112137052243,10.562164226591978,126.32268376904072,27.219215130041654,0
131.3976486895633,22.276972877553025,129.02788219675537,27.386727660059496,0
130.86087149186798,11.210991688840853,397.1702234742095,27.553532951161866,0
134.96617483052523,18.264846609577123,246.838081492704,27.719581575341046,0
108.92461323733988,34.80135367492608,45.74126636495626,27.884824328806086,1
136.22405271964925,12.933263644837597,155.5247283149709,28.04921224656288,0
132.23749587533973,16.493976920507844,108.774221169671,28.212696616923637,1
147.7740266605866,11.456029956728267,130.2416899073011,28.37522899594114,0
151.04287557822545,17.278996970325526,28.183,28.536761221763715,2
177.2537502754858,20.25478378468296,100.5249676975732,28.697245428906736,1
161.44014000389413,16.467547249406802,339.415552271954,28.85663406243607,1
135.35033175397484,16.281402588538157,206.99795776606405,29.01487989205973,0
129.85828058402737,16.17080534011902,28.183,29.171936026123166,0
153.60796328767415,9.306990158589764,275.5067720339794,29.327755925504313,1
122.6527763576734,20.40078572654185,261.8517959413603,29.4822934174041,1
176.4899786383241,16.249150385207308,106.1803869053186,29.635502709028508,0
165.35219614216103,21.3960036695714,221.84479514406863,29.78733840115788,1
137.19054151074744,8.956652059502062,52.44814878979997,29.93775550159977,1
115.94123597406964,7.985275439888734,94.25772584434256,30.086709438521044,1
168.33184789549358,11.891759314075838,305.7858209903691,30.234156073655498,0
143.2484303633948,21.253966659571745,115.58732451639854,30.380051715382997,0
166.3493782411307,15.266211836651008,28.183,30.52435313167619,0
117.96898673247463,10.350436270228707,137.9807017443732,30.667017562911173,1
134.96647585790367,22.5777706908152,136.33846306528153,30.808002734538,0
145.29457287858602,21.464289909174816,273.5347190934845,30.947266869607635,0
146.00752250268934,15.84079261446497,146.32230519856367,31.084768701151255,1
137.51698161619157,21.06704849889326,99.48719645885495,31.220467484408676,1
155.84452254436,12.181407248679728,257.06283224364074,31.354323008901765,2
126.96790782528652,10.626258386951946,157.7597025799193,31.486295610349814,2
142.77287363686628,20.432047443111617,64.19956309257937,31.616346182422784,2
147.25988998090267,20.6658624621875,268.87493790459143,31.744436188329452,0
153.99264416339156,8.903629975131551,165.5890199796849,31.870527672236673,1
157.36080534751443,21.598603282395302,145.0963658600388,31.99458327051647,1
63.25466100246642,25.82369752186203,163.89647757326816,32.116566222817745,0
118.99926173549412,17.892207439437623,29.749390175000823,32.23644038295912,1
167.03027547167034,17.329667588571624,88.09087828739945,32.354170229639855,0
150.8815879526354,20.23537477704009,145.16691474091425,32.469720876965546,2
132.41935298254097,22.80247792764212,123.8673326065484,32.58305808478562,1
171.70177804587576,18.003231083747863,281.491705449815,32.69414826883938,0
147.18095410299065,15.419898604156922,168.14008481698926,32.802958510707754,0
165.3497544981783,20.717422017337103,236.63287744805507,32.90945656756777,2
146.3583506994475,16.93677817550648,145.7914368956293,33.01361088174676,0
180.4066960528341,23.70766560860717,258.2696346936835,33.115390590073616,0
175.18973227061483,28.709826713395746,187.49238216621967,33.214765533024135,0
140.95219441568048,10.300350271819385,146.22389695013615,33.31170626365808,0
161.8013749842023,13.130388983263288,143.35486492224294,33.40618405634478,0
156.2293119708135,8.289870016232747,42.23711399129891,33.49817091527528,1
168.5839642657676,11.020175346111651,199.2450249714452,33.58763958275803,0
128.7221774463707,27.28155337711959,140.46240332141144,33.67456354729597,1
156.92413103969335,10.453826476180774,90.8479837981314,33.75891705144243,0
163.28500708436468,19.52582861363452,263.660252656049,33.84067509943364,0
115.16221209292036,14.796571506171908,28.183,33.919813464595485,2
124.99257808664323,20.62036571011325,99.3890409947393,33.99630869652243,0
110.37083593950196,23.300304008751365,255.20010236887308,34.07013812802636,0
140.60299245401808,23.45062195030483,178.681784772472,34.141279881853336,1
157.46205681350665,18.74547642415335,139.64003681298777,34.209712877166346,0
170.86826316390437,12.539702997764444,171.74982067605174,34.275416835791965,0
146.4706870391306,21.787942737151862,164.05825853748752,34.33837228822925,0
173.02501074944882,17.744269363030416,28.183,34.398560579418955,2
121.63010689077323,21.427940365963565,107.25730303821504,34.455963874271426,0
116.10782117093528,12.951907662410813,318.46108656095714,34.510565162951536,0
144.25613420744796,12.033681516390104,73.94421495954113,34.562348265919056,0
151.76560599878127,43.38985852517075,110.58373904463036,34.611297838723004,2
144.64650831305673,25.29639179424417,86.5902651900609,34.65739937654855,0
109.88895404711884,20.7024871626068,135.43308440669932,34.70063921851507,0
143.68265148504256,12.8194950835746,82.13128300251742,34.7410045517242,1
122.92205199237613,11.020784831250216,197.077506991862,34.77848341505657,2
156.64434647911474,25.238568011140845,165.98135301646624,34.81306470271609,0
151.46723123982636,23.72737492377469,227.891955767098,34.84473816752092,0
129.14997348995612,15.284459059627562,31.8688811046581,34.87349442393986,0
136.4271253180546,21.792501228047502,108.21581851906087,34.899324950873535,0
127.11151461909294,13.674045266246669,120.53036045959225,34.92222209417932,0
144.13431566037968,16.367132426605476,193.73670401991865,34.94217906893952,0
161.52074111880216,14.52740638284576,59.55831457207623,34.95918996147179,1
128.36682767649626,18.098533585823144,243.1598447295165,34.97324973108155,1
153.81512257807583,27.358694698263005,272.2504910452119,34.98435421155564,0
136.14713936296198,19.7581465688186,38.537554970032886,34.99250011239683,0
131.66114627929466,17.508099101448234,92.04261617263532,34.99768501979891,0
143.37670739125625,18.745923197176825,87.63127874909762,34.9999073973619,0
127.52099064843226,15.07370513467467,427.6055738305504,34.999166586547375,0
135.74756256605946,24.48493452521845,98.59353269646466,34.995462806873576,0
124.7428498387973,18.68398902874428,325.0260775052551,34.988797155850335,0
178.76643472047778,16.438902855937304,28.183,34.97917160865392,0
145.80737199478108,16.889078399909877,38.4539001953008,34.9665890175417,1
133.25228887247067,15.26377218682937,71.01320909822931,34.95105311100698,0
148.860204835162,9.335139122330084,53.921140378185655,34.93256849267414,0
143.28621225518123,23.24933627205319,115.9989600020109,34.911140639934544,2
141.4303973007735,20.18414945022245,68.63086989960225,34.88677590232341,0
155.6961955701418,17.404075079863382,56.75193927659744,34.859481499638306,0
158.1447467030281,22.068268292874105,269.24823130109434,34.829265519799826,0
136.14297939651698,14.932884557216047,276.2663868028145,34.7961369164549,0
135.36887281330758,19.08195959994666,246.77441578544392,34.76010550632368,1
140.50656690925564,18.417392053856428,201.08044778798023,34.721181966290615,0
105.88358266398674,17.263192630518652,154.7463149873551,34.67937783024064,0
119.32250627552436,17.112732980535718,91.38102259485478,34.63470548564149,2
168.55394623648738,17.15159886853073,42.374757689112926,34.58717816987296,0
173.30433848202895,23.70457610932293,183.782258376808,34.53680996630446,0
140.95096637229796,15.44944855568585,28.183,34.48361580012172,0
155.05374604291862,12.15416182442106,37.99513536939576,34.42761143390421,0
150.5217751399127,21.57803664141665,268.65100024664474,34.368813462954314,2
184.9,9.484857758797952,348.987733042621,34.3072393103798,0
164.32957863712545,13.042427048577713,187.0376296446067,34.242907221930935,2
143.01991170232557,11.490481980337158,263.6597564425366,34.17583626059394,1
128.88245819366352,24.32998339203833,118.36805677381844,34.10604630094216,0
117.76368395736016,36.47315545133872,28.183,34.03355802324684,0
148.68056582788392,13.068924876715744,210.55371870438069,33.95839290734909,0
132.28501656905354,17.961705430943294,205.94644489213567,33.88057322629493,0
120.91006213265254,12.17180005043038,152.48206942889345,33.800122039735356,0
134.16024199136916,10.92017401841861,118.74118078118684,33.71706318709322,0
197.8273571036019,11.54710407008251,248.1619045627532,33.63142128049911,0
174.02475341030956,11.917372674054294,38.874842888552166,33.54322169749827,2
160.26517032821053,11.667746283769509,61.64701460398774,33.45249057353064,0
145.06881134102954,13.635859124056418,36.47103691365963,33.35925479418637,0
170.48540578051944,23.34936440086691,153.91149510559327,33.263541987239094,0
146.52660543123662,11.668958083211322,28.183,33.165380514459166,0
130.4925432729106,14.898813325063706,71.26702012544224,33.06479946320945,0
171.2230054879203,22.817105005405185,68.95562239430987,32.96182863782616,0
154.41066136622135,29.37841580692723,116.78224077403954,32.85649855078715,1
127.48676119179548,15.666222531847396,28.183,32.748840413670415,0
141.9536347009758,14.49443702636274,154.15130434448398,32.63888612790542,0
130.2476889956816,27.02487406604585,278.79230422741296,32.526668275320084,0
121.58401499566722,13.926758070863617,159.33919304171292,32.41222010848596,0
161.0259648669355,14.64358506100359,310.3815437974539,32.29557554086489,0
177.82165505251078,16.781827873716587,288.1067650906168,32.176769136759624,1
121.31466870402144,10.590748193123526,228.3418534763095,32.05583610107177,0
154.82164050114835,25.837441920577334,152.80624693290702,31.932812268869775,0
134.09072363426097,9.033737881921256,147.19944171309004,31.80773409477016,0
136.88392419453146,10.478505522499509,226.84464754270863,31.68063864213534,0
135.08572698615166,21.55586315735516,102.70090971488676,31.55156357209085,1
130.4463096723294,22.960924842862248,28.183,31.420547132365634,0
146.03384644855356,16.596292444703508,197.642915572822,31.287628145958347,0
131.01071011146666,11.819629309697495,28.183,31.152845999633286,0
149.82494349797122,12.554149611114273,41.40954644322508,31.01624063224922,0
144.34683261438985,14.726153943710372,144.80606097266747,30.877852522924734,1
141.123289463428,14.639875421085028,134.5617831556552,30.737722679043255,2
129.70199752500542,11.13181817042348,28.183,30.595892624101765,1
135.35259213123177,12.984738760326014,162.5624136504646,30.45240438540651,0
158.10859291955558,29.54139204386909,248.58404516291108,30.30730048161934,0
153.7616673989997,13.039344240535671,28.183,30.160623910158538,0
128.50640130835117,9.782422792628836,281.49760906639074,30.012418134457754,0
146.90179444134205,18.902345297659387,28.183,29.862727071086905,0
158.04019484143691,20.986899460535827,372.2673060712152,29.711595076738632,1
116.68821898788474,20.45152534614801,100.59617934885456,29.5590669350846,1
154.48667880623407,21.080235197316185,160.4270901390812,29.405187843504955,0
133.88606094968705,14.601646936617092,28.183,29.250003399695547,0
154.95196645690837,9.18867659027456,138.10610101853752,29.09355958815621,1
132.16700708794073,17.650229489157326,169.33012517404254,28.93590276656467,2
114.37400395644868,23.497529864874643,135.52474353555033,28.777079652039657,2
117.40332007607982,24.743018448358228,84.28456908149299,28.61713730729767,0
146.02638705886974,20.938841825746938,43.08310812937158,28.456123126707332,0
149.64157977440635,19.727606533092217,266.2457800030887,28.294084822245306,1
129.7574634099665,11.416117667641466,148.09191858417978,28.131070409358276,0
156.1134363808351,13.328760548461997,310.320435332962,27.9671281927349,0
116.82291429632164,7.697163821209004,88.21673580083348,27.802306751992166,1
144.07622487950655,14.473134600375792,98.06765814408902,27.63665492728008,0
124.51842127565772,10.295791899871306,232.40944563941176,27.47022180480937,1
134.07033560652354,13.406132680051773,28.183,27.303056702306126,0
146.014664103427,7.573454979865517,28.183,27.135209154397952,0
130.50741889421954,31.81339996404396,262.6957853221839,26.966728897935777,0
138.63602219346615,13.428635886071117,28.183,26.797665857255623,0
162.39449376700108,13.861404695949268,28.183,26.628070129385172,0
135.3505330848056,12.828326551797389,345.5365610865729,26.45799196919874,0
159.48029265829678,10.77525984106528,28.183,26.28748177452581,0
125.90734750873858,19.160126561095364,164.56378815637856,26.116590071216947,0
154.25511496714887,19.590293887541577,152.2045131062957,25.945367498172004,0
169.82987517807828,15.404932204551656,28.183,25.773864792334628,2
102.98436864882568,18.259466712051783,116.0614590308506,25.60213277365793,0
131.59243524605333,23.263685670010307,192.9595195240356,25.430222330045314,0
155.062546076498,7.946128236379481,182.8489999503864,25.258184402271326,2
141.7365787156136,14.759976460677786,241.85626226784825,25.086069968886886,0
151.5449138089287,22.40155932658122,103.14993312656016,24.91393003111312,2
192.2703183428227,24.453738367488807,221.3334772583817,24.74181559772868,1
146.6841267496121,11.921329320903435,70.7204849254771,24.569777669954696,0
142.5457214650325,7.995887664419324,28.183,24.397867226342075,0
165.15305317727285,16.465077700358677,28.183,24.22613520766538,0
149.5510168452713,16.115811040978997,28.183,24.054632501828024,0
150.9719286735686,13.716720542644802,253.2519163902299,23.88340992878306,0
138.16931766469602,20.44763780466763,28.183,23.712518225474184,0
136.87571048039368,16.413573304523176,174.22473303936115,23.54200803080125,0
137.81604103566525,9.169189205026406,116.2111045888578,23.371929870614835,0
151.94303149610607,19.91389898514568,133.75343726846415,23.202334142744384,0
138.01374309862828,13.196833600245464,291.28796779625577,23.03327110206423,0
150.15493410550454,16.250663194693914,97.67736366639105,22.864790845602037,0
180.6569964424614,11.76636708087782,210.492471772898,22.69694329769388,1
160.08555218402017,8.746139070316516,148.81780647238665,22.529778195190655,1
139.63586602350895,12.496995839130548,128.44908877882295,22.363345072719927,1
165.7241362184045,14.874055224711205,391.8906827240827,22.19769324800784,0
138.23425647804586,11.274829451069728,28.183,22.032871807265106,1
110.38975669009191,9.927847545645616,283.28632439939906,21.86892959064173,1
127.98486963690893,17.234088347802707,215.3063213962426,21.7059151777547,2
113.24813240503634,10.400792804849676,93.26183457676112,21.543876873292675,0
139.20044666560636,12.714242941357172,319.8359815139268,21.382862692702336,0
145.51962275331593,19.95231258133426,28.183,21.22292034796035,0
173.8419021682864,11.213356491536436,88.72339033978776,21.064097233435337,0
150.78957339863945,11.897212328549566,28.183,20.90644041184378,0
141.46232476688698,16.65412482643972,189.05624746578968,20.749996600304474,0
159.37290613777637,24.728974811812837,28.183,20.594812156495053,0
107.43438665152732,13.165885464804427,191.3103904378873,20.44093306491542,0
149.22976788161054,25.00484058986777,124.75127148413225,20.28840492326136,1
158.37291924197717,24.61772926973076,93.28021240103033,20.1372729289131,0
119.94778974958876,19.26908507841792,186.5382601138189,19.98758186554225,1
164.74260656606077,23.55890068172168,115.9212927240944,19.83937608984147,0
150.9871956328196,13.166280423687688,28.183,19.692699518380667,0
138.1110518547465,20.774503804061908,439.721,19.547595614593494,1
156.01417983682757,13.80692013497701,92.44075785534872,19.404107375898242,0
183.9929753970147,21.580791419386077,28.183,19.262277320956752,2
148.31163936890923,13.021225619922747,54.30691677633402,19.122147477075274,0
149.44510405518236,20.59202114297913,28.183,18.983759367750782,0
137.35819711405355,9.537979407197582,233.543084987393,18.847154000366736,0
130.68795848080245,17.583144462658186,179.34036174652002,18.712371854041656,0
159.3887964182088,14.935468974901251,187.61970342435453,18.579452867634355,0
130.58137608582473,12.15037970004881,105.02678627044648,18.448436427909158,1
146.42749446418168,15.620899583411,114.76860945620436,18.319361357864665,0
137.0456554943583,13.855346967061331,104.92916222839212,18.192265905229842,0
153.38693338339988,12.09749252810393,136.05860429648516,18.067187731130222,0
150.90461608251167,17.504025032010375,234.53022429559792,17.94416389892822,0
162.92825732781344,14.677900077753806,180.88994231957443,17.823230863240383,0
136.49289987476322,7.607935920434071,198.514122414466,17.704424459135133,2
140.59499635531864,19.177131360922814,198.4546091022944,17.587779891514042,1
128.48575820700665,25.37922702248598,239.806495472294,17.47333172467992,1
137.61558253137989,22.344047109666725,175.74084046308496,17.361113872094577,0
151.65004702219218,9.050752637001166,183.33663692862305,17.251159586329592,0
158.1358795495359,17.304168771481784,272.50734255379274,17.143501449212856,0
129.4525719323978,19.12330060007213,73.32946656974565,17.03817136217385,0
160.0596083272449,9.679144252896558,52.84101721001008,16.93520053679056,0
168.36200590410618,8.661866068595113,28.183,16.83461948554084,0
152.26729501686728,10.89757267322625,164.4343407153603,16.736458012760906,1
177.26442607011688,11.900127269802187,28.183,16.640745205813637,0
131.98713290091277,29.80346561095539,194.4358360806517,16.547509426469375,0
123.9438083580344,13.97082201297178,133.05029392686063,16.456778302501732,0
114.82090070821712,25.67460546823671,266.6876893487744,16.36857871950089,0
170.76042892885823,17.385284333684826,72.59120416364142,16.28293681290678,0
156.38287414184003,14.00681395791519,122.93748341474308,16.199877960264644,0
144.2555026515076,5.498188215908816,265.35152612903954,16.119426773705072,0
149.98742407479517,20.312096649452176,293.3860938898447,16.04160709265091,0
125.97939609404916,12.743494414716512,71.70642982362446,15.966441976753154,2
184.9,16.378896058856117,164.31257562916448,15.893953699057839,0
147.41235623050085,31.321392133386624,176.41437496237415,15.824163739406066,0
147.0736818814408,11.316452870572396,184.92732189993612,15.757092778069067,0
157.60254546943747,10.67467336249505,116.57087116312957,15.692760689620208,0
153.42159969652656,15.947958203595263,282.45383229440336,15.631186537045688,0
149.02938690273612,25.69422102088983,28.183,15.572388566095793,0
131.70211535208318,22.66825441043633,99.53576757297154,15.516384199878285,0
153.25862247659708,17.244469634457875,192.90767792912544,15.463190033695547,0
177.35374244878653,19.002588979887182,193.9062337958375,15.41282183012704,0
168.18746522841934,15.219803100847692,290.1224302492501,15.365294514358512,0
172.4198139562542,23.71680447739739,273.51933624554624,15.320622169759359,1
136.47241381520251,22.40367781022804,114.10340777699189,15.278818033709388,1
128.30057046034293,16.623974612203146,284.44016640492816,15.23989449367632,0
143.05630783085783,12.779566732259871,68.06535504855026,15.2038630835451,0
146.1568929517155,20.394662037092864,244.79654040715505,15.17073448020018,1
163.89597951852076,12.53901370189651,339.30453508155153,15.140518500361695,0
116.29431919521149,19.14010161650746,275.31559484049785,15.113224097676596,0
171.33277855702622,12.656285923008443,156.1459700058318,15.088859360065454,1
142.50590907647373,15.263608555123897,109.1356887608032,15.067431507325857,0
137.91301756315818,23.445470189997987,28.183,15.048946888993024,0
127.91623306180584,26.818116814131677,178.1463786975021,15.0334109824583,0
116.93673833118892,21.92123026965231,28.183,15.020828391346079,1
159.26639991523743,10.267383451886404,59.56761174131864,15.011202844149663,0
146.45741751551233,23.111357939999905,28.183,15.004537193126428,1
123.16988791062332,22.498438091525987,95.317447779369,15.000833413452622,0
123.08246441560932,14.242478430964749,141.77696610751863,15.000092602638098,0
139.46912576672605,28.41297004111368,174.17915060044336,15.002314980201092,0
173.71522569499342,14.7486081197463,80.26356709112379,15.007499887603165,0
140.77066053600691,18.325119935551925,259.6658414150985,15.015645788444356,1
119.52831207483652,14.707482667971997,122.41242708155806,15.026750268918445,2
141.00721697928392,10.81775312175298,60.14910176995264,15.040810038528209,0
140.5463359815703,13.456470558550611,169.09484119263482,15.057820931060482,0
99.13678236527208,13.199153668708714,355.7461164359476,15.077777905820675,0
144.27753509014275,14.781620570178664,180.7916512685331,15.100675049126469,2
141.2601763549754,13.67851065157543,105.79679139497966,15.126505576060135,2
157.09759712374282,22.808756068532016,28.183,15.155261832479077,0
176.78886801385642,13.037035111519106,121.20834023476075,15.186935297283906,0
164.4489838347348,20.37913664605813,170.02267775946714,15.22151658494343,0
140.6118433879424,20.197466100252147,103.14030904350156,15.258995448275792,0
126.3033244268748,13.08281515028338,28.183,15.299360781484928,0
184.9,16.945256984779167,53.39725455175108,15.34260062345145,0
146.2165692898355,12.595201987975797,301.0576122377807,15.388702161276989,0
145.44294016445696,13.272738670210234,298.85106784080074,15.437651734080939,0
144.79289526198693,19.6645393960222,49.521487660658,15.489434837048462,0
148.58868388343652,10.431817407139183,217.0629892167059,15.54403612572857,0
142.73903544351523,20.595109679472877,28.183,15.601439420581041,1
135.40570559847183,13.340363449903156,295.6617413375377,15.661627711770741,0
135.86355556573164,16.24061352007147,171.13013949775677,15.724583164208036,0
144.64550863817033,11.446883028548196,246.8114826113604,15.79028712283365,2
135.92221805949305,15.392723356738404,28.183,15.858720118146653,2
133.0281683403087,28.44234728414345,217.58733023081,15.929861871973646,0
147.023041149433,13.835703300356522,143.95749859773696,16.003691303477567,0
140.84947917201697,18.10858347670669,236.3132593657681,16.080186535404515,0
170.8962082309695,10.995922970674082,243.07539622763292,16.159324900566354,1
99.9211337330306,25.046283665576603,151.8499070371671,16.241082948557576,0
163.8501200445395,14.438993803876633,80.22886357553494,16.325436452704032,1
166.4906272582445,9.550376127375891,228.5525578133649,16.41236041724197,0
109.787348050004,16.956678264368282,138.3190005839131,16.50182908472472,0
139.3512105179195,17.500314293865006,51.00998459299011,16.593815943655223,0
138.86004712705991,9.84056201182892,45.92084425218626,16.68829373634192,0
121.1618852308302,15.890110656908698,28.183,16.785234466975854,0
131.91833534257268,7.163909341134528,89.9563178165445,16.88460940992639,2
126.23414340775273,22.30155497383184,263.2552334302312,16.986389118253236,1
175.13728371456233,13.295430756671175,163.88803368035187,17.090543432432224,0
161.18825831174493,19.72533942480923,87.86375767562852,17.19704148929224,0
166.92570413269024,16.868262640599998,231.25572199806777,17.305851731160622,1
157.53260219798656,24.72974129034116,55.34071176203912,17.416941915214373,1
125.9185376440673,17.31258899307983,155.02643347431373,17.53027912303444,0
136.24514481140892,10.91787972027965,125.48251275437065,17.645829770360134,0
153.56449625489532,20.316331166405224,228.49179441321257,17.763559617040876,0
124.3286127685078,15.224503253905224,28.183,17.883433777182248,1
157.38443918420475,20.27176809498772,53.436754189673394,18.00541672948352,0
141.09976154866274,19.596575502109932,28.183,18.12947232776333,1
138.80231096543778,18.73988166336394,116.89092820881204,18.25556381167054,1
157.34961817685206,25.64136407726872,274.93777099026835,18.38365381757721,0
152.79390588680454,18.90783183302264,90.47675179482503,18.513704389650172,1
139.0389759554785,12.40408882585992,89.9141176802593,18.64567699109822,0
165.0086717010681,20.99121643705807,238.4400721343436,18.77953251559132,0
126.73827623793856,13.969409592837724,259.5869645604374,18.915231298848727,0
155.72641203782192,12.120205745866784,135.26592453264124,19.05273313039235,0
155.33635568861595,13.655477738562965,218.34776391912044,19.191997265461985,0
139.91732772363844,31.88012837027835,29.07400412807345,19.332982437088813,0
150.77600428593988,13.09544540460967,292.83156243694646,19.47564686832379,0
123.83347788818628,8.450723847846689,375.6390042205968,19.619948284617013,0
160.9892295420923,20.268747351845278,200.7814246053166,19.765843926344502,0
142.04650170528086,28.49693330076002,28.183,19.91329056147894,2
136.27584536349377,14.474572656416036,84.80574060798207,20.062244498400208,0
163.12417559574575,20.68355227553695,210.6239525601519,20.21266159884212,0
133.1734010781486,27.26768579866251,99.497866784446,20.364497290971492,1
121.14566413551768,28.59726190225196,281.46701266863045,20.517706582595892,1
118.61466045786467,17.204019031722513,207.97361649098937,20.672244074495666,2
155.55686198888623,33.011196050472066,68.87827219772282,20.828063973876837,0
123.3327058006585,14.946412717972615,148.24853126926342,20.98512010794027,0
175.18039421665694,18.30638127110394,48.74855877453618,21.143365937563924,0
109.64148185453028,13.33884493533902,125.16508066336726,21.302754571093274,0
174.18386768313044,17.565820703781448,85.19650224792665,21.463238778236285,0
148.80960037475515,15.246948328774511,270.9984078170376,21.624771004058864,0
143.55294662302998,16.231151011321106,372.1263353859221,21.787303383076345,0
135.89669215912954,10.828774663385405,28.183,21.950787753437112,1
152.0230431053621,13.460055339006445,28.183,22.115175671193906,0
144.56212401317876,16.266855649183206,118.44067499628711,22.280418424658937,1
164.05160274860623,9.834560466802134,28.183,22.446467048838134,0
147.15623669444497,14.33965723026732,149.7469746984033,22.613272339940497,0
147.7724546892918,22.610426753171915,225.2476960673088,22.78078486995834,2
138.99377619096293,10.91717527774031,305.3126054423477,22.948955001313795,1
144.23225485559675,16.89485516753713,166.4198313883698,23.117732901567557,1
150.46286981621418,22.641777178252795,124.02940264216124,23.28706855818522,0
115.99190351663952,9.515399125440744,28.183,23.45691179335718,0
122.17529661959024,14.782391246414074,147.5953324285222,23.627212278867336,0
157.90143725409604,28.733467813269545,152.44110327343418,23.79791955100647,0
148.1237234141015,24.541024135494705,213.43152011901736,23.96898302552564,1
142.06219664842354,17.989829558191836,68.66203837171446,24.14035201262552,0
145.51988844462306,23.04316041625196,98.03994863065924,24.3119757319768,2
151.1423906909881,27.62906961830017,28.183,24.483803327767454,0
135.9848251409555,18.632386924129467,28.183,24.655783883772532,2
131.90999868067772,14.344869835783848,28.183,24.827866438441635,1
148.5504286475786,16.414539095174003,28.183,25.000000000000014,0
128.49243621278004,20.31991426317092,180.95836901999047,25.172133561558336,0
152.17877357311465,13.421556281902932,89.11367695171286,25.344216116227443,1
116.12146687240924,18.148130728627887,86.95380274476466,25.516196672232518,0
162.78503659679666,20.15013698381103,39.01666231893523,25.68802426802321,1
153.27791019457962,9.502809429124234,28.183,25.85964798737447,2
149.57849992154965,9.239560847066487,306.8349068454368,26.03101697447433,2
161.99132738775728,11.907810813038742,37.31293503286187,26.202080448993538,0
173.65463446030975,14.097211541002888,100.471587695326,26.372787721132653,0
162.53246945063972,27.476569340484662,28.183,26.54308820664281,0
113.75918638039283,22.69878257768417,249.2061960992617,26.71293144181477,0
123.34726625422076,22.92183681360177,160.19200499529015,26.88226709843245,2
134.53184905580244,24.774174450179974,55.99731375103509,27.051044998686194,0
145.65068731970146,29.46549249867983,102.64085055719808,27.21921513004165,0
154.04765138765356,10.545027485016584,325.08565083309605,27.386727660059492,0
132.80784418371252,16.905943171306077,136.94216423867547,27.553532951161873,0
148.39534987079747,25.31206827455464,125.2565487185471,27.719581575341053,1
132.30154874954056,14.167209165026344,43.63997312919736,27.884824328806083,0
134.75905288929155,21.93538255562868,28.183,28.049212246562895,0
121.17641514363868,18.276389887157546,127.58744491063524,28.212696616923644,1
129.43432968993355,14.587537631149956,179.75212046815693,28.37522899594113,1
122.1155235668618,29.566685469367915,262.9213548473648,28.536761221763705,0
128.53513309264122,12.63735956889914,28.183,28.697245428906733,1
163.20330916965514,11.452574927728609,28.183,28.85663406243607,0
128.98736818097277,23.57862689380818,82.387177230615,29.014879892059724,0
184.9,21.39645888424777,144.40801762929522,29.171936026123156,0
153.63185638284736,13.248768812105531,129.1995801821863,29.32775592550431,0
148.36237066495585,16.170294013651613,131.70776760975977,29.4822934174041,1
130.54253239894453,12.920165209482338,188.62784053275485,29.635502709028497,0
157.1676933600644,19.509012115046502,47.73218817789251,29.787338401157886,0
135.37195465220637,21.938111757684865,245.14615655358816,29.937755501599767,0
147.2891716537721,17.466543639781495,191.3521303361922,30.086709438521034,1
184.9,19.64064332275262,110.41922154207916,30.234156073655488,0
143.56410479290355,7.801445602288399,316.7835546485451,30.380051715382994,0
164.83688695961192,18.768998920028128,312.0033388618306,30.52435313167619,0
133.1933403059996,15.78380123907816,245.0122769620228,30.667017562911163,0
144.6073266053309,13.653852478616264,28.183,30.808002734537993,1
175.4538164579258,15.686965892259169,314.42386076161927,30.947266869607642,0
134.49514871886936,10.304344185163334,230.1708556543846,31.08476870115125,0
176.16524626770354,31.856088936247257,360.35054403587793,31.22046748440866,1
157.29481856145046,15.564928776909433,277.7351957358514,31.354323008901783,1
135.59694253417413,17.349294265336702,314.35913727030834,31.48629561034982,0
156.00778899854643,19.18758205856213,239.18467710337995,31.616346182422784,0
161.8181751085238,16.402061320756516,289.68559726247383,31.744436188329438,1
155.82675777459417,14.300379157876453,359.03065470450827,31.870527672236676,0
118.38242133483124,9.4574897236263,168.04864109135443,31.994583270516472,0
132.7840427625596,10.590958583152892,28.183,32.116566222817745,0
140.9768866675092,13.916581037244203,111.74840090237312,32.23644038295912,0
143.93352816411303,11.129176493436068,186.67775519775645,32.354170229639855,0
155.8073207703607,14.019767464964982,152.82792206488017,32.46972087696555,2
148.24048849794187,13.947610548134666,28.183,32.58305808478562,0
122.39464766451404,12.606581463996958,28.183,32.694148268839385,0
151.69953969088388,8.188947066110986,65.15148288187396,32.802958510707754,0
155.6350257009383,12.595106460414527,231.5655378949372,32.90945656756777,0
154.76734043155804,16.079168967526726,314.57370497721985,33.01361088174676,0
163.66689635392407,10.375042977309375,243.25802442427624,33.11539059007361,0
159.4500582440044,10.396612382530462,258.3919877275428,33.21476553302414,1
153.04871411338016,8.09540357939803,136.09917481930736,33.311706263658074,1
144.0064293168634,33.07143994954894,28.183,33.40618405634477,0
116.83246533367983,19.20756212081069,95.87310078996214,33.49817091527528,0
152.54373841922285,14.917558955239691,116.98035158843165,33.58763958275803,0
148.75272107212027,19.21230579452299,91.37868081437432,33.67456354729596,0
149.84410969697137,11.522645954532688,150.65841633584984,33.75891705144243,0
123.39558082783748,19.197218678253797,192.2081390028986,33.84067509943363,0
126.73839217674607,19.499203062737088,236.42995182488136,33.91981346459548,0
163.1949570406327,8.09563201709873,114.90080177248107,33.996308696522426,0
144.52931886182063,10.43262021190388,28.183,34.07013812802636,0
156.84639491251917,6.188008252116742,92.90161783936048,34.141279881853336,0
145.68873450106054,17.436815101750327,149.47824505281875,34.20971287716634,0
145.71329437486634,15.793482225029424,276.1604831540134,34.27541683579196,0
161.232763973682,23.22485187045996,83.77672543573973,34.33837228822925,0
136.38992395259083,26.88514740118407,199.8496874352317,34.398560579418955,0
146.8469351117059,13.986824013680778,175.94904393683086,34.45596387427142,0
137.30841351834047,5.991038003519531,149.49867327877686,34.510565162951536,2
137.7829354430012,10.366848465241436,244.7584998282341,34.562348265919056,0
139.92372178690871,7.637236061601366,73.78122182090273,34.611297838723004,0
148.9994890870471,25.72958852082002,82.98396785030062,34.65739937654854,0
137.0270160447445,12.264016339522014,143.50337556675615,34.70063921851507,0
166.6558261370469,13.670213690120532,76.00465949273291,34.7410045517242,0
129.92331806348645,21.272636602108754,199.36284055090616,34.77848341505657,2
142.01285857443568,12.309832537289711,68.1566188189027,34.81306470271609,0
137.69351406256055,16.00303243716515,169.09612408013726,34.84473816752092,0
169.92227622053048,27.97567595475317,134.01943772155087,34.87349442393986,0
148.56254869237074,19.914663874598958,167.87364565560927,34.89932495087353,1
162.83096842320325,32.91671200600128,95.38738451442708,34.922222094179325,0
119.82865770778244,13.749709594289977,108.35035363603772,34.942179068939524,0
64.43759377780336,17.416929684886295,155.09723575360306,34.95918996147179,0
160.40167325083956,17.6664941750671,166.49288494197145,34.97324973108155,0
146.61057510480282,21.670820880996224,144.3305462103742,34.98435421155564,0
163.40553576686634,7.682772071287991,328.0061315837657,34.99250011239683,0
136.36867869538546,10.221101013632833,38.33722545043644,34.99768501979891,0
169.27947297325008,12.660591420719523,137.88394427028047,34.9999073973619,0
184.4747777476641,23.750539235388462,28.183,34.999166586547375,0
139.00699171056976,8.406994536974038,184.758434068024,34.995462806873576,0
137.59492592943204,14.880871321318,28.183,34.988797155850335,0
170.0317136381246,43.90170289174595,114.88034610862066,34.97917160865392,0
172.18725139337204,28.131510412710472,104.80740888640236,34.9665890175417,0
136.2735050161679,20.910300601186886,174.96094264202986,34.95105311100698,0
138.02736879036857,17.23772894306627,85.39014381894586,34.93256849267414,0
140.39155531144482,15.374320774758823,80.82235583975856,34.911140639934544,0
122.2390963705125,13.799388960998272,299.0504185013889,34.88677590232341,0
129.51258745015693,18.715060275952485,175.3558559685831,34.859481499638306,1
195.8611053589813,36.65062036590914,84.50269645872754,34.82926551979982,0
132.08948199289128,14.451895937538255,117.83243030060136,34.7961369164549,0
144.61251275365902,9.726863127157946,321.55893607196884,34.76010550632368,0
149.20585606118885,17.851069447251852,119.51588548070217,34.721181966290615,1
171.69064941825008,16.528777788917992,70.72611960850747,34.67937783024064,0
128.15111627609997,19.346684460686102,71.18601363042038,34.63470548564149,0
162.019195210777,32.494229258717496,85.78385088247981,34.58717816987297,0
141.54964256293988,19.291568076803166,80.90916470247296,34.53680996630446,2
144.36006091171714,21.136358355181383,28.183,34.48361580012171,0
156.73226656518997,7.348940688121382,28.183,34.427611433904204,1
126.02666242767282,16.3948769403591,55.67981897861442,34.36881346295432,1
151.73732328431598,25.41632307138485,208.34039022260083,34.30723931037979,1
148.04833662069544,11.241962392265313,103.82186585540248,34.242907221930935,0
153.6170524917872,9.805461339435524,122.52454812373632,34.17583626059394,1
150.14457877523336,13.099254545596846,281.24025743338615,34.10604630094217,1
184.9,10.624504585688376,283.91756818938364,34.03355802324684,0
134.31112558901904,13.222535046672842,114.47049610928175,33.958392907349086,1
136.13451001465896,18.08199186275756,77.00202441217455,33.880573226294935,0
134.5605135276122,15.037207844466906,51.90760709891511,33.800122039735356,0
135.71633985050454,30.384227973384267,219.21382869745307,33.71706318709322,0
134.31715309135006,8.069415684020656,122.78825483036542,33.63142128049911,2
165.5157803843792,31.3786030326363,103.25698898371942,33.543221697498275,2
169.47005356416273,28.26637259366432,57.36187804722134,33.452490573530625,2
135.45551181017146,10.421612606457632,62.089041015816434,33.35925479418637,0
130.98670210023357,23.738106250882044,179.1690520940342,33.263541987239094,0
153.25772053419257,16.934701863352952,28.183,33.165380514459166,0
135.77192595759246,22.572129336813152,251.6706924605761,33.06479946320945,0
66.53257959483867,12.991871051321398,87.42573146852517,32.96182863782616,1
148.67133104218192,13.09378230545218,128.70511414958742,32.85649855078715,0
119.3130590276173,12.690439116897638,28.183,32.748840413670415,2
171.63948384912013,10.744269903357551,143.45340359524036,32.63888612790543,0
175.88218241181772,18.908458169641484,109.50719791732628,32.52666827532009,1
134.73734358914572,21.51084331004169,139.40134045886123,32.41222010848597,0
138.58228195317352,9.0004278314245,302.9024040400016,32.295575540864874,0
150.08815260436285,13.782220268094402,163.87387803970338,32.176769136759624,0
150.91819088655836,21.507019503791653,59.40381725537483,32.05583610107179,0
156.4542532657973,16.17185866842947,68.35778881087673,31.93281226886979,0
179.5433139312068,25.623617081583127,208.7228946145753,31.807734094770165,0
142.18238745994665,10.229549926068412,284.3136071843335,31.680638642135342,0
131.5684864687941,16.370412930721574,175.0712721494928,31.551563572090863,0
121.64346894705584,12.301359670159558,218.77729727496444,31.420547132365652,0
132.71925305771214,16.788781654299154,210.2922209952956,31.287628145958337,0
144.63912504936982,19.466601492031906,297.24628057113205,31.152845999633286,0
175.85963742461087,23.99424770954452,28.183,31.01624063224924,0
136.36316378986413,9.942003638938113,216.46800283887853,30.87785252292472,0
149.02774578989568,18.450172491687937,250.4746005569989,30.737722679043245,0
144.92446408928527,16.469736678953396,28.183,30.59589262410178,0
165.5051338970402,12.495366324376675,49.62581031035067,30.452404385406528,0
184.9,16.22869125234567,53.37390148739121,30.307300481619325,1
136.1366996209751,13.85378345955574,66.48078130121394,30.160623910158524,0
136.84439544290373,12.687229083114502,93.0263200474871,30.012418134457757,0
163.0413561020939,18.1895474182416,170.84724623462293,29.862727071086923,0
156.85307042579666,10.63609220971341,237.79008452142224,29.711595076738632,0
176.75045453822293,16.638669616858778,260.9586939426516,29.559066935084587,2
61.40829167431114,16.29759123739036,54.766290308133534,29.405187843504955,0
139.06757250517546,17.409375541510794,54.02710981935155,29.250003399695533,1
155.29456581788605,18.43816072949349,286.153898491343,29.093559588156214,0
164.14387456351724,20.88934285286029,214.2681684213792,28.935902766564674,0
159.2204766192134,13.609872796291578,153.68499861040496,28.777079652039657,2
153.87025499937488,5.6856760679124765,195.6372924216257,28.61713730729767,2
163.42593704756194,28.049560062474896,141.57988167788122,28.456123126707336,0
165.178907275993,18.47336430015704,201.14337834663573,28.29408482224531,0
168.81503988490306,19.51713452821353,108.67499412742325,28.13107040935828,1
156.28626229980628,22.190941195579416,173.66240215615096,27.967128192734904,1
142.3502889520275,14.918489600082928,28.183,27.80230675199217,0
147.71116319165404,28.07037877936524,70.8864553639557,27.636654927280084,0
165.81458616589578,14.29660914679156,72.0439191656455,27.470221804809356,0
131.25010486819605,14.879978439046086,104.55753483224916,27.303056702306126,0
151.5026774621669,13.813333069729897,45.23741590646388,27.13520915439797,0
138.48598640782404,15.569686275797936,87.45807284156811,26.966728897935777,0
145.69601906537255,19.29579471327809,28.183,26.797665857255623,0
167.0435147170579,17.37466354438329,203.7343791838681,26.628070129385176,2
148.469354279916,11.743528410975554,135.9167475281598,26.45799196919876,1
145.99822911560335,22.792209309989072,28.183,26.287481774525826,0
121.97593739978105,11.395187255548308,55.08787441086545,26.11659007121695,1
157.952503414877,9.30910513113646,180.9464573772792,25.945367498172004,1
156.23116078225186,9.51309107440354,86.43972208031076,25.77386479233465,1
182.15771718350388,21.595968556381703,69.9026095227629,25.602132773657917,0
139.94753219053285,22.08584833348961,136.76776278225228,25.430222330045314,0
148.9485258971554,17.43787546471639,181.69811917954755,25.258184402271343,0
149.46497208514714,16.917802148582954,28.183,25.086069968886907,0
172.1510569249197,14.24886357543889,203.88780402204893,24.913930031113107,0
143.5771617157661,10.705491156065824,58.79848982410347,24.741815597728667,0
149.97124570320895,25.634556958466483,142.85581909124164,24.569777669954714,0
155.58908817897793,11.772140599960528,140.97646008410422,24.397867226342093,0
148.39265704175693,13.075595727025725,88.15401625631868,24.226135207665365,0
137.5790209962479,11.52543088590516,34.79999687571606,24.054632501828006,0
148.5204452586889,19.97696470146939,114.08783727296722,23.88340992878306,0
163.54477755110463,8.354636235103081,319.4074884070389,23.712518225474184,2
127.67006565546028,21.50277880702325,28.183,23.542008030801252,2
147.47638797377695,13.110795203425742,326.60411077262785,23.371929870614835,0
133.24553623920906,16.396470878425852,116.87755737953736,23.202334142744387,0
165.61878651529418,36.37564072791829,148.5823050520034,23.033271102064234,0
119.18592129248356,20.369363604850964,28.183,22.86479084560204,0
135.65749700490673,11.595970147875436,61.916813872171474,22.696943297693885,2
151.64853324985216,19.540715095411183,90.74938719991523,22.529778195190655,0
171.947281467381,20.2178459485458,32.43253232887713,22.363345072719927,1
144.08185404035123,26.29314584696058,122.33585466007357,22.197693248007845,0
135.7210816850268,22.46715413190085,101.05221258428053,22.03287180726511,0
177.33892506018418,16.14805410240166,343.62992594329523,21.868929590641716,1
120.47002655308972,10.404261929524518,28.183,21.705915177754687,0
107.64499664901578,26.16877129695288,155.81506911946823,21.54387687329266,0
152.72132683581103,18.984039442089085,171.41060452753206,21.382862692702354,0
136.6289097396087,13.666975067319116,29.78676025284659,21.222920347960354,1
127.76030101777316,10.41926474599084,218.57474611145292,21.06409723343534,1
157.30514483276755,18.137501764092598,101.98574573599788,20.906440411843796,0
149.36960379263962,15.376346472435442,28.183,20.749996600304478,0
135.56940882975522,17.62438395000733,215.67624232451448,20.59481215649504,0
123.3348402619038,26.07224418990063,28.183,20.440933064915406,2
160.10831608168144,8.692880971476033,32.20905978681522,20.28840492326136,0
156.31173652188986,12.461345356029062,218.6901997859593,20.137272928913102,0
143.51087789492058,11.45645107831455,107.48297032896176,19.987581865542253,0
176.74925316648626,22.651247855101342,243.3874398552532,19.839376089841487,0
126.92581202161668,10.425111039833718,274.80224528604987,19.692699518380685,0
119.14597903026362,31.54668767284097,75.49088622297232,19.547595614593483,0
197.5730559533488,8.555050075600128,230.0101225654085,19.404107375898228,0
144.4262996686154,24.99984998557993,63.61529149834878,19.262277320956755,2
149.36172447333024,9.496734565116178,384.70797413668106,19.122147477075274,0
141.0842056596982,15.902643362138416,70.33069943316626,18.983759367750785,0
151.21881028325723,17.735549973677397,255.02483465674285,18.847154000366736,0
123.82620355597884,23.85241214784909,235.4388003807165,18.712371854041674,0
169.86738696677943,22.01430053093933,178.74247560738385,18.57945286763436,2
143.80169357069815,12.60785725231148,72.73884273739158,18.448436427909147,1
164.29064739518842,24.46593206719778,128.515853465815,18.31936135786467,0
151.05943436682395,13.779241446646616,28.183,18.192265905229846,1
153.00725848958496,18.34393310646827,168.893688923789,18.067187731130236,0
154.9377646809265,14.20794048240237,182.34467116568973,17.944163898928235,0
152.8527576222158,10.29659124135828,159.12517758395376,17.823230863240397,0
156.1839901840574,13.03004601817572,28.183,17.704424459135147,0
167.90958351972222,12.62522424948111,28.183,17.587779891514042,0
148.56197462084052,13.260259297047856,64.40710480273971,17.47333172467992,0
157.31620218712698,19.24560305409423,176.11783578183113,17.36111387209458,0
143.6721348701856,15.112762478645472,175.86857202228225,17.25115958632958,1
169.8050822743079,13.3181067715628,126.49315579061653,17.14350144921285,2
133.65086669622357,17.742260153396025,213.0327804527292,17.03817136217386,0
175.96866447498255,12.161256351616649,34.52251919745645,16.935200536790575,0
144.51902188709334,9.57008943701242,210.345649011763,16.83461948554084,0
120.76449970561951,18.907764213084057,195.7882917439979,16.73645801276091,0
147.39327961550612,15.357847406185044,185.3464804961052,16.640745205813637,0
197.4615050382679,10.030067650169372,125.22357608415714,16.54750942646936,0
159.5648731038254,9.009287539074553,341.47711653987074,16.456778302501725,0
134.05687718555657,19.46401918262377,197.77094477135256,16.36857871950088,0
137.58329459382514,12.236038613550429,40.743994852037645,16.282936812906783,0
112.92786523398846,17.62451151779875,171.45994031307416,16.199877960264644,0
137.47870345458728,15.76822894835379,225.62881403285405,16.119426773705072,0
103.80029334252416,13.94421268269776,81.5956121315722,16.041607092650917,1
118.14877196921688,12.400055145457005,261.8134102102773,15.966441976753163,0
158.1944031562569,26.662090721807992,185.8277013421282,15.893953699057834,0
158.62803831007352,21.196219933367946,28.183,15.82416373940606,1
152.47266607041078,11.078215306118896,176.9787572451868,15.757092778069067,0
128.68711352306678,13.209749224310988,101.15822764989788,15.692760689620208,2
144.38999461438272,19.77459457991835,202.4965992743641,15.63118653704569,0
145.14346142725492,16.307022495592047,246.2284424366549,15.572388566095798,0
125.417814379213,17.297802335574886,165.75021034491692,15.516384199878292,0
170.88604979078647,26.220351204190894,323.6967000150181,15.463190033695541,1
160.19210264761364,14.856663592673762,125.58173232249804,15.412821830127035,1
141.4304899826417,10.928336438333996,211.9124269089084,15.365294514358514,1
145.6642639017046,28.24563787091357,231.26503011159664,15.32062216975936,0
148.7645951253601,16.32213546114229,134.3231491021648,15.278818033709388,1
110.32808497757628,15.62563795944094,228.4535116491329,15.23989449367632,1
140.98271595178318,16.947543773707526,80.8903342592966,15.203863083545105,0
133.5553450757016,16.284937719729083,99.38124906036028,15.170734480200176,2
128.09532699097505,12.583186842362933,28.183,15.140518500361695,0
140.40324479692214,17.090588740412244,170.71899546279786,15.113224097676596,0
175.91308125164355,14.981317408324502,179.72704005379074,15.088859360065454,0
156.1518777561631,13.07741617596054,271.4820337577524,15.067431507325855,0
135.4481204965303,14.954909105129026,229.78208206799616,15.048946888993026,0
154.9858590711259,12.5498617008156,114.1835653937998,15.033410982458301,0
